{
	"books":[
			{
				"category":"cooking",
				"title":{
						"lang":"en",
						"text":"Everyday Italian"
					},
				"author":["Giada De Laurentiis"],
				"year":2005,
				"price":30.0
			},
			{
				"category":"children",
				"title":{
						"lang":"en",
						"text":"Harry Potter"
					},
				"author":["J K. Rowling"],
				"year":2005,
				"price":39.99
			},
			{
				"category":"web",
				"title":{
						"lang":"en",
						"text":"XQuery Kick Start"
					},
				"author":["James McGovern","Per Bothner",
					  "Kurt Cagle","James Linn",
					  "Vaidyanathan Nagarajan"
					 ],
				"year":2005,
				"price":39.99
			},
			{
				"category":"web",
				"cover":"paperback",
				"title":{
						"lang":"en",
						"text":"Learning XML"
					},
				"author":["Erik T. Ray"],
				"year":2003,
				"price":39.95
			}
		]
}